F1,F2,F3,F4,F5,F6,F7,F8,F9,F10,F11,F12,F13,F14,F15,F16,F17,F18,F19,F20,F21,F22,F23,F24,F25,F26,F27,F28,F29,F30,F31,F32,F33,F34,F35,F36,F37,F38,F39,F40,F41,F42,F43,F44,F45
388248,21911,825,23989,17554,137,449576,298723,58739,108074,6013,25506,0.18,0.29,5.09,1.43,0.21,0.34,5.64,21.45,1.05,6.18,13.07,665.38,66.45,508.56,403.44,162.6,588.51,43.84,26.72,22.53,6.52,10.17,164.53,6.57,0.9,0.86,8.24,9.93,6.7,-1.37,0.76,-1.05,4.15
373583,8264,-14802,22058,17687,145,432464,305370,43561,108074,621,23142,-3.36,-2.92,1.96,-28.94,-3.96,-3.45,2.21,17.92,0.42,5.9,10.07,892.77,70.61,701.01,470.93,145.42,758.86,49.67,29.73,15.27,2.45,6.95,117.67,2.15,0.88,0.85,7.89,9.17,7.93,-3.78,-62.28,-3.81,-25.84
373583,8264,-14802,22058,17687,145,432464,305370,43561,108074,621,23142,-3.36,-2.92,1.96,-28.94,-3.96,-3.45,2.21,17.92,0.42,5.9,10.07,892.77,70.61,701.01,470.93,145.42,758.86,49.67,29.73,15.27,2.45,6.95,117.67,2.15,0.88,0.85,7.89,9.17,7.93,-3.78,-62.28,-3.81,-25.84
373583,8264,-14802,22058,17687,145,432464,305370,43561,108074,621,23142,-3.36,-2.92,1.96,-28.94,-3.96,-3.45,2.21,17.92,0.42,5.9,10.07,892.77,70.61,701.01,470.93,145.42,758.86,49.67,29.73,15.27,2.45,6.95,117.67,2.15,0.88,0.85,7.89,9.17,7.93,-3.78,-62.28,-3.81,-25.84
373583,8264,-14802,22058,17687,145,432464,305370,43561,108074,621,23142,-3.36,-2.92,1.96,-28.94,-3.96,-3.45,2.21,17.92,0.42,5.9,10.07,892.77,70.61,701.01,470.93,145.42,758.86,49.67,29.73,15.27,2.45,6.95,117.67,2.15,0.88,0.85,7.89,9.17,7.93,-3.78,-62.28,-3.81,-25.84
373583,8264,-14802,22058,17687,145,432464,305370,43561,108074,621,23142,-3.36,-2.92,1.96,-28.94,-3.96,-3.45,2.21,17.92,0.42,5.9,10.07,892.77,70.61,701.01,470.93,145.42,758.86,49.67,29.73,15.27,2.45,6.95,117.67,2.15,0.88,0.85,7.89,9.17,7.93,-3.78,-62.28,-3.81,-25.84
345587,1352,-5622,14185,26027,10539,414345,156700,93792,13000,40917,48906,-1.3,-1.44,0.44,-5.9,-1.63,-1.8,0.39,37.25,0.56,4.1,22.64,341.77,37.82,167.07,238.24,152.37,310.12,55.26,54.31,34.17,2.31,7.92,193.02,8.78,1.12,0.8,3.34,157.4,8.62,-7.78,-90.72,-7.73,-3.1
596048,25529,2965,22156,78955,144,1082960,414442,521746,461441,102975,122765,0.29,0.43,2.5,0.59,0.5,0.74,4.28,16.18,1.2,3.72,48.18,107.56,38.27,79.43,72.63,128.41,173.27,47.22,30.42,44.24,4.46,19.65,528.57,17.94,0.58,0.58,5.51,10.01,12.71,-3.83,-76.25,10.52,8.93
596048,25529,2965,22156,78955,144,1082960,414442,521746,461441,102975,122765,0.29,0.43,2.5,0.59,0.5,0.74,4.28,16.18,1.2,3.72,48.18,107.56,38.27,79.43,72.63,128.41,173.27,47.22,30.42,44.24,4.46,19.65,528.57,17.94,0.58,0.58,5.51,10.01,12.71,-3.83,-76.25,10.52,8.93
596048,25529,2965,22156,78955,144,1082960,414442,521746,461441,102975,122765,0.29,0.43,2.5,0.59,0.5,0.74,4.28,16.18,1.2,3.72,48.18,107.56,38.27,79.43,72.63,128.41,173.27,47.22,30.42,44.24,4.46,19.65,528.57,17.94,0.58,0.58,5.51,10.01,12.71,-3.83,-76.25,10.52,8.93
711590,4626,-7910,23036,97482,234,997946,400091,513836,461441,95557,116180,-0.76,-0.97,0.45,-1.53,-1.11,-1.41,0.65,12.93,0.56,3.24,51.49,94.21,40.09,77.86,46.84,107.77,158.82,75.57,41.95,65.96,1.82,16.14,498.53,20.45,0.69,0.68,6.96,9.84,13.96,19.38,-81.88,-7.85,-1.52
711590,4626,-7910,23036,97482,234,997946,400091,513836,461441,95557,116180,-0.76,-0.97,0.45,-1.53,-1.11,-1.41,0.65,12.93,0.56,3.24,51.49,94.21,40.09,77.86,46.84,107.77,158.82,75.57,41.95,65.96,1.82,16.14,498.53,20.45,0.69,0.68,6.96,9.84,13.96,19.38,-81.88,-7.85,-1.52
1036044,139765,12919,65161,37947,2163,1763724,932072,665326,218122,43093,108426,0.75,2.03,11.17,1.91,1.25,3.38,13.49,25.39,1.54,6.29,37.72,165.09,52.85,140.09,86.16,116.33,208.14,66.1,43.7,24.93,9.67,17.49,278.17,10.96,0.83,0.6,6.92,8.05,12.66,3.25,-2.22,5.08,-3.64
1176085,139820,11416,61874,42947,2148,1708236,856776,626079,218122,40694,186097,0.66,6.1,10.52,1.77,0.97,9.01,11.89,24.23,2.71,5.26,36.65,172.85,50.16,136.85,97.98,118.58,207.37,66.83,40.15,26.24,14.27,15.93,302.81,4.54,0.88,0.68,6.41,8.05,12.57,13.52,0.04,-3.15,-5.9
1077728,66916,-126180,49355,45429,3956,1449618,760237,545713,218122,-3150,90757,-8.29,-3.84,5.53,-21.11,-11.71,-5.42,6.21,18.88,-0.18,4.58,37.65,165.64,52.44,139.31,79.02,110.87,206.9,74.34,41.16,-7.71,-0.84,10.82,236.22,3.47,0.89,0.71,6.41,7.6,15.53,-4.36,-26.8,-9.12,-16.03
1813794,80306,970,64245,131279,7618,2409782,1107544,909926,350000,111753,172257,0.04,0.09,4.5,0.1,0.05,0.12,4.43,19.36,1.03,3.54,37.76,164.83,45.96,121.72,90.47,114.53,199.7,72,45.96,32.52,3.66,12.06,340.52,15.96,1.02,0.79,5.98,9.68,12.85,2.87,-52.55,9.24,-5.9
1813794,80306,970,64245,131279,7618,2409782,1107544,909926,350000,111753,172257,0.04,0.09,4.5,0.1,0.05,0.12,4.43,19.36,1.03,3.54,37.76,164.83,45.96,121.72,90.47,114.53,199.7,72,45.96,32.52,3.66,12.06,340.52,15.96,1.02,0.79,5.98,9.68,12.85,2.87,-52.55,9.24,-5.9
206265,7271,890,7359,8120,389,198157,97113,37563,122000,11254,14479,0.45,0.45,3.89,2.39,0.43,0.43,3.53,19.68,1.12,3.57,18.96,427.54,49.01,258.54,234.58,82.06,240.4,122.4,87.3,37.86,4,8.06,225.94,9.86,1.1,1.04,2.77,6.75,4.56,3.17,5.98,0.25,1.44
2815256,174532,135576,51172,43076,4743,2465146,547854,1098407,839787,401977,463079,5.32,7.03,7.96,12.66,4.82,6.36,6.2,20.57,4.5,1.82,44.56,124.43,22.22,49.88,89.52,81.88,110.46,127.31,86.75,82.14,8.18,8.07,443.78,15.2,1.28,1.11,5.01,6.64,10.71,-1.59,-16.91,-6.24,5.27
12839881,812440,769393,141570,399403,28049,10482033,2142358,4613080,1848652,1832290,1504378,7.85,9.64,11.23,17.67,5.99,7.36,6.33,21.46,7.67,1.1,44.01,127.22,20.44,46.44,83.22,108.85,156.74,84.69,67.09,93.8,8.46,9.97,904.53,30.41,1.77,1.31,17.31,22.12,7.9,5.61,23.38,15.03,12.69
15999356,74002,680904,198522,444256,51982,11241785,2046040,5252368,1848652,1048387,590545,6.21,6.29,0.97,13.33,4.26,4.31,0.46,14.17,4.47,1.24,46.72,114.03,18.2,38.95,66.25,107.26,158.52,83.8,58.77,172.64,5.55,4.29,345.97,22.26,2.1,1.46,26.31,18.38,8.09,4.86,-85.58,5.2,5.8
629426,33578,22626,13808,15054,527,545917,204735,201285,150044,134212,140543,4.45,3.76,8.48,11.91,3.59,3.04,5.33,8.85,2.38,2.19,36.87,171.22,37.5,101.71,96.7,111.71,194.94,78.87,50.06,61.59,5.23,7.83,356.82,14.97,1.59,1.24,6.85,11.15,8.56,38.84,-35.16,16.18,12.65
1004304,46358,18227,10248,19096,457,734847,190773,245783,150044,109831,126222,2.63,3.82,9.02,7.7,1.81,2.63,4.62,7.48,3.58,1.02,33.45,198.98,25.96,77.62,148.05,117.49,177.33,82.17,67.22,52.79,3.66,6.61,648.16,11.98,1.95,1.45,6.1,17.39,6.76,-20.75,12.32,12.74,7.94
1835526,112989,64533,34549,24412,792,1075488,457218,264518,38651,81132,119697,7.11,9.31,13.99,28.25,3.52,4.61,6.16,9.74,3.45,1.88,24.6,306.58,42.51,172.85,253.62,121.08,185.2,87.29,66.51,36.03,6.49,7.76,412.07,14.73,2.27,2.02,5.62,15.09,9.08,77.71,30.17,45.22,37.49
5306639,606799,550631,79328,35587,20212,3785392,902652,1808346,428482,334787,581518,15.62,21.22,27.62,34.45,10.38,14.09,11.43,21.02,10.43,1.49,47.77,109.33,23.85,49.92,66.26,86.3,123.47,129.57,103.73,162.8,15.59,12.42,830.84,22.21,2.42,1.51,8.8,17.8,9.87,28.34,42.3,16.01,30.27
6435972,751783,695254,66031,48737,23435,4659282,835197,2318185,431973,388889,686102,16.47,22.94,29.32,33.7,10.8,15.05,11.68,21.31,15.67,1.03,49.75,100.99,17.93,36.03,63.24,86.6,119.29,129.19,105.43,269.25,16.08,12.74,1242.11,23.88,2.51,1.52,7.29,19.56,8.87,21.28,23.89,23.09,28.19
7547724,786050,789602,60044,59999,27336,5465485,696130,2987983,432890,634028,915933,15.6,20.81,26.11,29.76,10.46,13.95,10.41,19.48,18.54,0.8,54.67,82.92,12.74,23.3,60.2,86.32,105.92,127.89,103.74,246.98,14.75,11.51,1447.39,26.47,2.51,1.49,6.42,19.29,7.4,17.27,4.56,17.3,28.89
24967265,2235718,1766545,247407,786209,61741,23882138,2588312,12129918,1478603,4345556,3094316,7.9,10.59,14.28,15.64,7.08,9.49,8.95,26.91,10.58,0.99,50.79,96.89,10.84,21.34,61.08,94.37,128.16,112.51,94.71,157.88,10.48,12.97,1308.83,39.72,1.59,1.12,19.16,24.98,8.33,1.63,39.2,14.45,15.96
379386,7990,2168,13341,15674,1792,463638,204837,169897,15730,550,6639,0.48,0.71,2.4,1.37,0.57,0.84,2.11,15.76,1.24,3.52,36.64,172.89,44.18,120.57,89.91,118.18,216.24,63.01,44.21,38.24,4.35,6.3,179.12,6.74,1.14,0.85,8.45,15.65,5.57,18.24,-21.41,6.92,15.11
400677,75756,35839,19362,65141,96,896824,341394,448903,200000,70156,109978,3.97,5.57,8.45,7.99,8.94,12.56,18.91,20.91,3.6,4.83,50.05,99.78,38.07,76.05,39.49,106.61,170.88,73.19,61.87,129.78,17.39,35.2,728.46,23.14,0.45,0.44,8.27,19.97,10.61,4.03,-9.77,-1.51,0.07
9151327,617467,323057,234784,452948,11214,10090450,6125214,3221591,386423,118861,468347,3.27,4.51,6.99,10.34,3.53,4.87,6.75,8.72,2.9,2.57,31.93,213.21,60.7,190.13,84.73,92.74,211.89,119.58,89.59,43.58,7.43,11.7,455.91,10.82,1.04,0.93,4.72,13.41,24.7,22.71,-0.09,4.48,6.42
2718763,186284,97853,60186,400535,587,3560677,1098529,2120602,230900,467470,557349,2.63,3.78,5.48,4.64,3.6,5.17,6.85,7.76,3.33,2.21,59.56,67.91,30.85,51.8,28.05,106.18,148.5,69.2,50.62,132.59,7.38,21.59,975.46,35.46,0.8,0.73,13.33,29.84,18.7,34.62,-43.86,-7.95,1.18
3308286,283029,207664,20678,338926,1269,3655315,762931,2390139,230900,640447,708416,5.74,7.9,8.81,9.01,6.28,8.64,8.56,9.55,14.82,0.63,65.39,52.93,20.87,31.92,21.57,99.75,131.04,101.5,85.23,312.35,9.26,18.82,3011.74,44.69,1.03,0.92,11.18,36.3,16.09,16.2,52.29,2.23,7.76
2424112,226406,159557,8827,230476,756,3707924,1003559,2301747,176000,445802,500261,4.58,6.32,8.64,7.09,6.58,9.09,9.34,10.71,25.97,0.36,62.08,61.09,27.07,43.6,22.36,99.68,138.29,101.96,81.08,172.46,9.46,19.19,5271.04,29.55,0.92,0.7,10.12,24.19,14.99,8.85,-11.47,13.65,4.71
22397489,1812809,2315938,583556,1555724,33457,56469662,13687934,37642719,3203743,2208398,3326222,4.19,5.61,6.21,6.34,10.34,13.84,8.09,12.52,6.31,2.61,66.66,50.01,24.24,36.36,17.68,108.21,143.2,38.55,37.36,100.49,16.44,15.19,583.09,12.53,0.77,0.41,15.18,311.05,17.95,6.41,-3.72,4.68,6.19
2244572,291746,216808,6997,178075,1143,3282275,542621,2330504,152950,431750,520822,6.84,9.42,14.21,9.63,9.66,13.3,13,14.56,43.65,0.31,71,40.84,16.53,23.28,17.65,100.23,123.47,98.43,74.88,393.99,13.61,21.02,6741.72,41.69,1.09,0.71,10.32,18.41,16.55,16.63,-7.17,7.35,7.38
188926,5896,-7907,11831,9477,9477,545968,268166,230924,40000,6157,11694,-1.51,-2.03,1.57,-3.27,-4.19,-5.61,3.12,62.78,0.1,6.26,42.3,136.43,49.12,116.13,50.34,110.96,206.49,59.48,38.59,17.92,0.65,8.2,130.9,5.16,0.5,0.36,19.33,7.13,16.51,0.6,-11.38,8.88,-8.51
188926,5896,-7907,11831,9477,9477,545968,268166,230924,40000,6157,11694,-1.51,-2.03,1.57,-3.27,-4.19,-5.61,3.12,62.78,0.1,6.26,42.3,136.43,49.12,116.13,50.34,110.96,206.49,59.48,38.59,17.92,0.65,8.2,130.9,5.16,0.5,0.36,19.33,7.13,16.51,0.6,-11.38,8.88,-8.51
188926,5896,-7907,11831,9477,9477,545968,268166,230924,40000,6157,11694,-1.51,-2.03,1.57,-3.27,-4.19,-5.61,3.12,62.78,0.1,6.26,42.3,136.43,49.12,116.13,50.34,110.96,206.49,59.48,38.59,17.92,0.65,8.2,130.9,5.16,0.5,0.36,19.33,7.13,16.51,0.6,-11.38,8.88,-8.51
283516,20721,2138,18427,17037,17037,621568,294036,221139,40000,19510,37231,0.34,0.34,3.42,0.97,0.75,0.75,7.31,66.43,1.12,6.5,35.58,181.08,47.31,132.96,87.77,126.32,244.18,42.04,23.72,22.17,7.25,13.34,205.22,6.78,0.47,0.45,8.8,8.24,23.71,6.23,-4.67,-1.79,0.99
201370,14603,7875,3920,16435,686,309681,60531,200425,79381,34100,39610,2.55,3.75,5.01,4.01,3.91,5.76,7.25,18.37,3.96,1.95,64.72,54.51,19.55,30.2,26.4,115.18,147.56,26.33,21.22,111.36,7.7,15.57,799.72,28.31,0.69,0.65,21.11,73.66,26.6,2.31,-12.06,0.56,4.11
262339,13271,-1387,17834,22890,1607,921965,308460,323987,81000,55543,68361,-0.16,-0.03,1.79,-0.42,-0.53,-0.1,5.06,18.67,0.99,6.8,35.14,184.57,33.46,95.21,89.16,138.57,270.78,15.47,14.46,14.9,6.7,13.89,204.28,4.95,0.35,0.3,23.74,15.47,22.09,15.13,-29.73,7.81,-3.32
235673,24877,42066,12177,5593,5360,207181,91552,69364,5387,11323,32617,15,17.68,15.04,33.07,17.85,21.05,10.56,42.94,5.07,5.17,33.48,198.68,44.19,131.99,111.76,62.64,117.09,162.48,112.81,93.88,26.21,13.12,253.94,10.9,1.42,0.84,4.06,6.29,33.97,14.21,52.11,-41.45,-62.51
1250485,18909,-87508,57625,107684,2295,1787751,691341,717852,102709,203510,234295,-4.95,-5.69,1.52,-11.36,-7,-8.03,1.51,10.19,-0.74,4.61,40.15,149.04,38.67,96.31,62.36,111.15,207.49,66.64,34.32,35.24,-3.43,10.17,220.59,11.68,1,0.71,9.22,9.11,8.32,1.92,-82.82,2.47,-12.79
1289908,20769,-151550,58536,114601,3190,1675116,738827,526615,102709,82576,179165,-8.75,-6.25,1.68,-24.36,-11.75,-8.39,1.61,9.02,-1.71,4.54,31.44,218.09,44.11,140.3,112.85,128.15,263.03,48.79,21.7,7.29,-3.86,10.54,232.19,4.84,1.04,0.74,10.72,8.44,6.46,3.15,9.84,-6.3,-26.64
1289908,20769,-151550,58536,114601,3190,1675116,738827,526615,102709,82576,179165,-8.75,-6.25,1.68,-24.36,-11.75,-8.39,1.61,9.02,-1.71,4.54,31.44,218.09,44.11,140.3,112.85,128.15,263.03,48.79,21.7,7.29,-3.86,10.54,232.19,4.84,1.04,0.74,10.72,8.44,6.46,3.15,9.84,-6.3,-26.64
1289908,20769,-151550,58536,114601,3190,1675116,738827,526615,102709,82576,179165,-8.75,-6.25,1.68,-24.36,-11.75,-8.39,1.61,9.02,-1.71,4.54,31.44,218.09,44.11,140.3,112.85,128.15,263.03,48.79,21.7,7.29,-3.86,10.54,232.19,4.84,1.04,0.74,10.72,8.44,6.46,3.15,9.84,-6.3,-26.64
1217756,30307,6649,57017,100538,3808,1589974,760790,512469,102709,38414,93519,0.41,0.32,2.61,1.28,0.55,0.43,2.49,9.72,1.09,4.68,32.23,210.26,47.85,148.46,115.28,129.09,251.7,50.8,25.44,38.91,5.11,10.81,230.79,8.61,1.05,0.75,10.58,7.83,6.43,-5.59,45.92,-5.08,-2.69
1080757,33828,-26244,59199,67215,3260,1537545,781046,479408,102709,60506,125957,-1.68,-1.87,3.09,-5.29,-2.43,-2.71,3.13,11.24,0.51,5.48,31.18,220.72,50.8,162.92,119.17,128.89,259.78,51.14,24.04,25.44,2.77,9.44,172.26,5.62,0.99,0.69,10.1,7.1,6.46,-11.25,11.62,-3.3,-6.45
167444,7397,1952,5643,5280,5262,154596,61281,51329,17377,-9769,-3601,1.25,1.86,5.08,3.84,1.17,1.73,4.42,55.7,1.51,3.37,33.2,201.19,39.64,119.39,147.19,53.82,82.88,148.31,71.67,28.58,5.1,7.59,225.13,8.2,1.15,1.08,4.89,3.14,4.5,-8.28,-60.41,-1.25,1.87
167444,7397,1952,5643,5280,5262,154596,61281,51329,17377,-9769,-3601,1.25,1.86,5.08,3.84,1.17,1.73,4.42,55.7,1.51,3.37,33.2,201.19,39.64,119.39,147.19,53.82,82.88,148.31,71.67,28.58,5.1,7.59,225.13,8.2,1.15,1.08,4.89,3.14,4.5,-8.28,-60.41,-1.25,1.87
167444,7397,1952,5643,5280,5262,154596,61281,51329,17377,-9769,-3601,1.25,1.86,5.08,3.84,1.17,1.73,4.42,55.7,1.51,3.37,33.2,201.19,39.64,119.39,147.19,53.82,82.88,148.31,71.67,28.58,5.1,7.59,225.13,8.2,1.15,1.08,4.89,3.14,4.5,-8.28,-60.41,-1.25,1.87
173098,4798,304,5623,5278,5266,146604,55370,40882,17377,16907,21222,0.2,0.65,3.41,0.66,0.18,0.57,2.77,53.13,1.17,3.25,27.89,258.6,37.77,135.44,178.8,59,106.07,141.23,63.85,32.66,3.82,5.84,179.76,10.8,1.23,1.15,5.46,3.02,4.95,3.38,-35.14,-5.17,-20.35
236488,1452,39107,5144,3326,1091,224000,65220,124077,5300,-27060,-5706,18.52,25.5,0.72,37.36,16.54,22.76,0.61,7.65,11.47,2.17,55.39,80.53,29.12,52.56,47.78,54.66,72.56,225.97,160.42,122.55,24.94,2.02,93.02,-13.02,1.17,1.12,8.16,5.34,15.28,1.05,-71.88,13,45.53
130746,1350,2425,1061,2136,1297,80427,34180,35415,8977,257,809,3.28,4.67,2.31,7.03,1.85,2.64,1.03,21,4.25,0.81,44.03,127.1,42.5,96.51,101.14,78.49,98.87,126.79,73.77,22.54,3.45,2.67,328.64,8.34,2.24,1.77,8.04,6.67,68.01,11.04,-58.05,19.63,5.55
130746,1350,2425,1061,2136,1297,80427,34180,35415,8977,257,809,3.28,4.67,2.31,7.03,1.85,2.64,1.03,21,4.25,0.81,44.03,127.1,42.5,96.51,101.14,78.49,98.87,126.79,73.77,22.54,3.45,2.67,328.64,8.34,2.24,1.77,8.04,6.67,68.01,11.04,-58.05,19.63,5.55
130746,1350,2425,1061,2136,1297,80427,34180,35415,8977,257,809,3.28,4.67,2.31,7.03,1.85,2.64,1.03,21,4.25,0.81,44.03,127.1,42.5,96.51,101.14,78.49,98.87,126.79,73.77,22.54,3.45,2.67,328.64,8.34,2.24,1.77,8.04,6.67,68.01,11.04,-58.05,19.63,5.55
71756,1063,962,2575,544,52,80277,36217,38006,9108,-79,2633,1.24,2.62,1.89,2.6,1.34,2.83,1.48,9.8,1.79,3.59,47.34,111.22,45.11,95.29,83.39,65.84,84.17,152.36,133.52,18.68,6.42,2.24,62.49,-1.4,1.27,0.93,2.7,8.95,47.7,-27.87,-42.61,7.61,5.43
71756,1063,962,2575,544,52,80277,36217,38006,9108,-79,2633,1.24,2.62,1.89,2.6,1.34,2.83,1.48,9.8,1.79,3.59,47.34,111.22,45.11,95.29,83.39,65.84,84.17,152.36,133.52,18.68,6.42,2.24,62.49,-1.4,1.27,0.93,2.7,8.95,47.7,-27.87,-42.61,7.61,5.43
71756,1063,962,2575,544,52,80277,36217,38006,9108,-79,2633,1.24,2.62,1.89,2.6,1.34,2.83,1.48,9.8,1.79,3.59,47.34,111.22,45.11,95.29,83.39,65.84,84.17,152.36,133.52,18.68,6.42,2.24,62.49,-1.4,1.27,0.93,2.7,8.95,47.7,-27.87,-42.61,7.61,5.43
71756,1063,962,2575,544,52,80277,36217,38006,9108,-79,2633,1.24,2.62,1.89,2.6,1.34,2.83,1.48,9.8,1.79,3.59,47.34,111.22,45.11,95.29,83.39,65.84,84.17,152.36,133.52,18.68,6.42,2.24,62.49,-1.4,1.27,0.93,2.7,8.95,47.7,-27.87,-42.61,7.61,5.43
342767,47053,10757,14711,10931,1817,361205,106580,179720,34218,32473,60081,3.03,6.82,17.86,6.35,3.14,7.07,13.73,48.05,2.65,4.29,49.76,100.98,29.51,59.3,55.95,72.58,105.26,171.07,125.49,65.93,11.36,18.05,420.6,28.78,1.3,0.96,3.82,7.4,13.45,10.09,27.51,3.25,13.09
14359329,3058534,1980572,215220,1460698,39799,18406600,3565438,12957997,482403,3524283,4303902,11.11,14.94,24.28,16.31,13.79,18.55,21.3,27.46,13.38,1.5,70.4,42.05,19.37,27.52,19.51,82.37,100.93,210.74,149.06,330.38,20.05,31.47,2099.82,70.97,1.14,0.81,11.02,10.15,35.04,22.43,66.82,6.74,14.45
19792478,5053728,3826016,143766,1447019,44817,21367060,2490216,16109844,482403,4302898,5636607,19.24,26.3,35.49,26.32,19.33,26.43,25.53,30.74,37.41,0.73,75.4,32.63,11.65,15.46,20,75.09,84.58,240.32,174.86,500.39,27.15,32.84,4521.76,101.17,1.39,1,11.6,10.79,45.49,37.84,65.23,16.08,24.32
1357608,91465,48840,19864,47166,1150,1412835,369224,884841,166000,82460,121341,3.47,5.61,7.99,5.62,3.6,5.81,6.74,10.77,4.97,1.46,62.63,59.67,26.13,41.73,36.24,83.18,102.66,157.29,63.41,46.34,7.28,10.43,712.77,23.45,1.19,0.97,7.93,4.69,49.96,15.7,2.51,0.86,3.58
265727,6722,6499,8668,5687,586,273627,146539,94096,18400,-50156,-44030,2.58,2.09,3.41,7.05,2.45,1.98,2.53,7.6,1.61,3.26,34.39,190.79,53.55,155.73,109.86,90.64,163.99,115.42,74.11,25.95,5.24,4.72,144.57,4.38,1.35,1.06,6.38,6.81,11.29,-12.11,-79.34,19.21,4.08
277335,4201,7115,8107,6272,643,299611,140924,111521,34500,30818,33704,2.48,2.25,1.9,6.92,2.57,2.32,1.51,6.32,1.79,2.92,37.22,168.66,47.04,126.37,52.66,66.86,144.42,235.91,175.51,96.4,5.24,3.78,129.37,4.6,1.26,0.97,4.22,7.1,9.35,4.37,-37.5,9.5,18.52
3267423,492950,456235,77100,121225,1693,4072846,1831927,1602058,421186,18312,202855,12.54,17.74,15.93,32.37,13.96,19.75,15.09,19.03,9.37,2.36,39.34,154.23,44.98,114.35,129.87,106.23,132.11,94.03,64.93,41.02,22.11,18.85,798.93,18.13,1.06,0.9,11.74,7.19,12.01,40.63,90.87,27.13,31.64
3035263,252940,189089,71735,126083,3104,3923775,1350682,2112648,421186,298267,366944,4.86,6.87,7.94,9.55,6.23,8.81,8.33,13.67,4.73,2.36,53.84,85.73,34.42,63.93,52.81,78.63,104.51,153.8,101.96,47.13,11.17,12.56,531.51,17.59,0.95,0.78,7.16,5.27,12.62,-8.37,-37.67,1.77,14.49
590513,100199,85362,13833,102887,116,809013,278946,365832,33512,150924,170740,11.49,13.73,14.82,26.06,14.46,17.28,16.97,20.51,8.38,2.34,45.22,121.14,34.48,76.25,71.92,114.18,170.39,70.57,52.48,134.15,19.62,35.2,1502.56,43.19,0.87,0.79,9.71,11.77,84.73,38.26,145.97,19.49,26.51
142749,39480,31038,4322,5194,5194,372539,67500,228872,67100,34881,49145,8.74,11.79,15.46,15.14,21.74,29.34,27.66,78.63,10.69,3.03,61.44,62.77,18.12,29.49,54.93,134.08,144.59,33.1,32.06,58.97,32.37,32.55,1075.25,23.07,0.56,0.4,3.81,90.76,3.41,0.84,4.91,10.28,26.3
142749,39480,31038,4322,5194,5194,372539,67500,228872,67100,34881,49145,8.74,11.79,15.46,15.14,21.74,29.34,27.66,78.63,10.69,3.03,61.44,62.77,18.12,29.49,54.93,134.08,144.59,33.1,32.06,58.97,32.37,32.55,1075.25,23.07,0.56,0.4,3.81,90.76,3.41,0.84,4.91,10.28,26.3
142749,39480,31038,4322,5194,5194,372539,67500,228872,67100,34881,49145,8.74,11.79,15.46,15.14,21.74,29.34,27.66,78.63,10.69,3.03,61.44,62.77,18.12,29.49,54.93,134.08,144.59,33.1,32.06,58.97,32.37,32.55,1075.25,23.07,0.56,0.4,3.81,90.76,3.41,0.84,4.91,10.28,26.3
580034,17991,1265,14925,16159,2997,535689,239219,131550,15947,-4872,11122,0.22,0.88,3.81,1.06,0.22,0.89,3.1,11.9,1.35,2.57,24.56,307.21,44.66,181.85,203.45,113.95,232.19,86.03,40.25,20.91,3.46,6.08,236.42,6.49,1.23,0.99,7.13,5.18,7.3,10.77,25.69,-16.34,22.3
317501,77993,54000,5821,13094,13094,707519,97421,455421,30455,74663,80850,7.72,11.02,11.57,12.52,17.01,24.26,24.56,75.87,14.23,1.83,64.37,55.35,13.77,21.39,47.5,117.73,126.98,59.74,48.83,88.51,26.1,28.93,1577.79,25.99,0.47,0.45,3,23.57,3.68,-34.78,-8.03,2.41,11.84
400329,8100,3340,5757,53512,781,161478,21910,46470,20000,101877,104958,1.18,1.68,3.42,5.69,0.83,1.19,2.02,4.17,1.83,1.44,28.78,247.49,13.57,47.15,207.63,86.11,120.44,109.35,107.78,495.79,2.63,15.55,1081.66,54.95,1.69,1.41,4.08,99.49,5.91,23.31,217.12,-60.12,-34.4
6527730,689126,411702,153070,1034083,1034083,8068028,1767039,4310032,1044181,1534620,1780913,5.06,6.5,9.14,9.69,6.31,8.1,10.56,81.47,4.45,2.34,53.42,87.19,21.9,41,47.05,93.36,130.84,119.76,113.34,229.1,10.44,27.94,1191.69,45.64,0.87,0.8,4.95,38.05,21.81,7.86,-16.45,-1.61,2.94
1375336,75207,-165336,139328,424813,424813,3381922,1320582,1758355,2310676,244450,359945,-4.74,-4.74,2.29,-10.55,-12.02,-12.02,5.47,100,-0.19,10.13,51.99,92.33,39.05,75.1,45.2,104.72,154.08,84.62,84.46,60.95,-1.89,36.36,358.88,25.9,0.42,0.39,5.93,226.75,27.09,9.69,1136.91,-6.1,27.91
1436485,114021,10493,100882,438003,438003,3172434,1034739,1748213,2310676,509703,569261,0.32,0.32,3.65,0.6,0.73,0.73,7.94,100,1.1,7.02,55.11,81.47,32.62,59.19,42.16,105.17,146.51,82.91,82.66,106.8,7.75,38.43,547.2,37.37,0.46,0.44,5.64,923.68,50.07,4.45,51.61,-6.19,-0.58
1444411,53228,-208840,98814,452788,452788,2980101,993690,1567587,2310676,526840,607077,-6.79,-6.59,1.91,-12.6,-14.46,-14.03,3.69,100,-1.11,6.84,52.6,90.11,33.34,63.39,38,110.57,168.18,57.71,57.69,100.66,-7.19,35.03,512.09,32.59,0.52,0.47,5.63,1475.75,52.45,0.55,-53.32,-6.06,-10.33
641072,20592,12673,6219,15910,6811,424968,124909,225551,15671,7843,15722,2.9,4.03,5.24,5.72,1.98,2.75,3.21,29.15,3.83,0.97,53.07,88.41,29.39,55.38,37.93,55.31,83.24,277.3,138.02,112.21,3.72,5.74,591.43,19.46,1.63,1.47,11.39,5.52,19.84,1.33,-27.08,-5.35,3.55
1864460,104670,7956,111794,93290,13324,2606989,1325724,639159,147413,93869,214454,0.3,0.67,5.9,1.23,0.43,0.96,5.61,31.85,1.16,6,24.52,307.88,50.85,207.42,150.14,121.94,314.29,62.33,33.53,34.11,6.95,11.19,186.59,6.05,1.05,0.7,8.17,6.41,8.65,-8.51,64.64,-3.41,-3.04
1927984,43022,23228,101346,114792,14667,2477696,1201427,616615,148199,-84486,88388,0.91,3.66,2.5,3.7,1.2,4.83,2.23,31.42,1.92,5.26,24.89,301.82,48.49,194.84,158.28,121.09,294.91,67.54,40.45,37.7,10.09,9.08,172.66,2.27,1.12,0.76,6.57,7.13,9.67,3.41,-58.9,-4.96,-3.53
513375,43280,20366,13980,12665,4507,693916,264512,335938,29392,26093,46480,3.11,4.49,13.55,6.52,3.97,5.73,8.43,37.17,3.1,2.72,48.41,106.56,38.12,78.74,48.81,107.43,169.46,76,54.24,44.53,8.45,10.95,402.24,12.94,1.61,0.78,6.12,16.92,12.06,0.38,-12.38,12.83,16.24
537536,40602,37314,13668,13968,4393,744719,312064,327020,29503,35904,52816,5.19,6.4,12.16,11.26,6.94,8.56,7.55,38.25,4.37,2.54,43.91,127.73,41.9,95.43,62.77,112.28,185.22,67.72,49.53,48.25,11.1,10.22,401.86,11.88,1.61,0.75,5.88,14.73,12.93,4.71,-6.19,7.32,-2.65
1283600,44309,20851,49388,46986,4001,1432803,658005,530589,46158,17399,81334,1.43,2.82,4.27,4,1.62,3.2,3.45,21.86,1.83,3.85,37.03,170.04,45.92,124.01,131.73,125.54,173.63,73.18,32.96,23.4,7.05,7.49,194.66,7.68,1.24,0.88,10.35,3.85,10.55,20.22,73.16,-3.41,3.63
852602,133518,64944,68102,71913,4004,2867192,1629852,926992,100205,189605,255310,2.75,3.88,7.89,7.2,7.62,10.74,15.66,50.48,2.34,7.99,32.33,209.3,56.84,175.82,93.25,123.9,267.69,44.62,36.01,32.39,18.73,24.16,302.5,9.3,0.5,0.36,3.02,11.37,30.16,-0.95,-20.82,54.69,5.77
892863,201514,93041,68688,70602,4402,2674500,1055451,1225896,110205,155674,272749,3.36,5.1,12.04,8.64,10.42,15.83,22.57,53.21,3.06,7.69,45.84,118.17,39.46,86.1,70.62,123.65,182.45,50.58,42.54,42.19,23.53,30.51,396.56,12.11,0.53,0.32,3.15,12.39,35.2,4.72,50.93,-6.72,32.24
795024,41419,13047,37058,16791,2572,879135,428764,321840,49645,32129,58754,1.5,1.96,5.9,4.2,1.64,2.14,5.21,16.41,1.46,4.66,36.61,173.16,48.77,133.22,131.34,132.11,187.36,65.33,25.92,20.79,6.8,7.71,165.38,7.86,1.13,0.92,17.45,4.78,8.1,7.11,-21.03,2.56,7.45
1068282,89675,40965,34779,17456,2861,976639,400740,374780,49645,42960,81630,4.41,5.87,11.64,11.76,3.83,5.1,8.39,18.96,2.57,3.26,38.37,160.59,41.03,106.93,134.86,127.18,159.9,74.66,26.15,26.69,8.35,10.24,314.48,13.82,1.39,1.15,19.94,5.19,8.49,34.37,116.51,11.09,16.45
1068282,89675,40965,34779,17456,2861,976639,400740,374780,49645,42960,81630,4.41,5.87,11.64,11.76,3.83,5.1,8.39,18.96,2.57,3.26,38.37,160.59,41.03,106.93,134.86,127.18,159.9,74.66,26.15,26.69,8.35,10.24,314.48,13.82,1.39,1.15,19.94,5.19,8.49,34.37,116.51,11.09,16.45
1068282,89675,40965,34779,17456,2861,976639,400740,374780,49645,42960,81630,4.41,5.87,11.64,11.76,3.83,5.1,8.39,18.96,2.57,3.26,38.37,160.59,41.03,106.93,134.86,127.18,159.9,74.66,26.15,26.69,8.35,10.24,314.48,13.82,1.39,1.15,19.94,5.19,8.49,34.37,116.51,11.09,16.45
1152170,32920,11224,34559,17988,2934,1126572,514368,401370,49645,-59180,-36503,1.07,1.3,3.88,2.89,0.97,1.19,2.86,14.18,1.4,3,35.63,180.68,45.66,128.15,149.48,135.18,177.36,69.12,29.28,14.25,4.19,4.53,151.14,5.3,1.36,1.1,13.4,4.76,9.01,7.85,-63.29,15.35,7.09
1073525,20644,2097,37875,22032,3355,1076069,496398,403141,49645,59511,83701,0.19,0.12,2.42,0.52,0.2,0.12,1.92,14.13,1.04,3.53,37.46,166.92,46.13,123.13,104.43,115.19,187.18,76.36,32.91,19.45,3.65,4.1,116.12,4.27,1.26,0.97,10.06,5.09,12.22,-6.83,-37.29,-4.48,0.44
7425104,421714,400258,117478,344504,38328,5593399,1829633,2438525,365432,499768,623291,7.1,8.3,11.08,17.28,5.39,6.3,5.68,17.74,4.98,1.58,43.6,129.38,32.71,75.03,79.84,114,170.48,73.77,42.5,91.72,7.88,10.69,675.71,23.54,1.95,1.32,14.2,12.14,10.87,4.18,-19.35,-1.52,11.09
1074204,4348,-33536,16394,49561,531,795725,303454,256215,100000,-298,40549,-4.22,-0.24,0.61,-12.17,-3.12,-0.18,0.4,8.07,-1.79,1.53,32.2,210.57,38.14,118.44,163.17,155.42,229.09,49.93,29.34,15.88,1.35,5.06,331.66,3.72,1.5,1.35,9.33,14.23,5.46,9.49,-40.8,0.19,-13.06
1074204,4348,-33536,16394,49561,531,795725,303454,256215,100000,-298,40549,-4.22,-0.24,0.61,-12.17,-3.12,-0.18,0.4,8.07,-1.79,1.53,32.2,210.57,38.14,118.44,163.17,155.42,229.09,49.93,29.34,15.88,1.35,5.06,331.66,3.72,1.5,1.35,9.33,14.23,5.46,9.49,-40.8,0.19,-13.06
1074204,4348,-33536,16394,49561,531,795725,303454,256215,100000,-298,40549,-4.22,-0.24,0.61,-12.17,-3.12,-0.18,0.4,8.07,-1.79,1.53,32.2,210.57,38.14,118.44,163.17,155.42,229.09,49.93,29.34,15.88,1.35,5.06,331.66,3.72,1.5,1.35,9.33,14.23,5.46,9.49,-40.8,0.19,-13.06
1753035,86922,79692,61445,66665,1616,2614578,1392550,772922,142240,68244,159969,3.47,4.91,8.34,9.88,4.55,6.43,4.96,12.05,2.83,3.51,29.56,238.27,53.26,180.17,102.87,118.24,278.35,58.26,27.7,37.95,9.93,9.07,258.84,4,1.68,0.76,9.76,7.79,10.52,2.56,-27.79,32.48,-8.04
1753035,86922,79692,61445,66665,1616,2614578,1392550,772922,142240,68244,159969,3.47,4.91,8.34,9.88,4.55,6.43,4.96,12.05,2.83,3.51,29.56,238.27,53.26,180.17,102.87,118.24,278.35,58.26,27.7,37.95,9.93,9.07,258.84,4,1.68,0.76,9.76,7.79,10.52,2.56,-27.79,32.48,-8.04
1753035,86922,79692,61445,66665,1616,2614578,1392550,772922,142240,68244,159969,3.47,4.91,8.34,9.88,4.55,6.43,4.96,12.05,2.83,3.51,29.56,238.27,53.26,180.17,102.87,118.24,278.35,58.26,27.7,37.95,9.93,9.07,258.84,4,1.68,0.76,9.76,7.79,10.52,2.56,-27.79,32.48,-8.04
190554,5911,28175,4021,2714,162,261586,54102,159568,20000,8362,17779,11.25,13.63,5.71,18.88,14.79,17.92,3.1,13.32,9.49,2.11,61,63.93,20.68,33.9,45.69,106.12,125.48,84.16,46.61,67.14,20.03,4.56,216.25,0.53,1.84,0.76,7.02,6.95,10.16,35.16,0.08,9.27,14.88
1194267,109416,65023,28989,47160,2639,1672895,537914,802673,105809,122933,183464,4.11,6.3,9.4,8.4,5.44,8.35,9.16,17.03,4.44,2.43,47.98,108.42,32.15,67.02,47.01,101.17,163.3,95.97,68.15,64.4,10.78,13.22,544.72,12.73,1.03,0.75,5.87,11.19,11.91,8.84,2.27,12,7.71
1326276,59451,53128,69858,78142,2696,1438069,834715,405732,162776,139881,183994,3.59,2.75,5.4,14.04,4.01,3.07,4.48,13.66,1.58,5.27,28.21,254.44,58.04,205.73,134.35,117.28,258.13,71.68,32.88,47.65,8.34,11.15,211.68,12.32,1.2,0.9,7.76,6.6,8.3,-0.38,-41.53,-5.45,15.58
1086034,38104,56481,40505,54463,487,1195515,526956,433192,102213,50785,72282,4.49,6,5.92,12.29,5.2,6.95,3.51,15.2,2.86,3.73,36.23,175.98,44.08,121.64,88.63,109.92,205.94,79.02,55.22,75.97,10.68,8.62,231.2,12.46,1.69,0.86,10.93,12.21,6.19,3.94,35.91,-9.58,-10.89
872457,41389,29033,37847,34502,741,1277812,639148,442333,117639,-78662,-48738,2.35,3.2,5.89,6.63,3.33,4.54,4.74,21.06,2.05,4.34,34.62,188.88,50.02,144.49,96.77,110.41,212.11,79.34,48.55,35.21,8.87,8.99,207.17,7,1.24,0.71,7.16,7.82,6.4,-19.67,8.62,6.88,2.11
10688705,1225113,941104,77829,176580,9810,5545662,1494383,2437326,291512,817304,1170635,18.27,26.09,26.19,46.07,8.8,12.57,11.46,14.62,18.27,0.73,43.95,127.53,26.95,61.31,105.73,69.95,85.2,134.61,94.49,115.75,13.3,13.12,1801.2,34.65,2.28,2.08,13.59,10.84,11.08,35.23,216.25,16.6,47.84
14555900,925749,758563,133755,170347,12699,6663939,1959463,2336742,291512,741543,934871,11.87,16.51,15.54,30.93,5.21,7.25,6.36,9,8.89,0.92,35.07,185.18,29.4,83.85,146.05,59.35,82.58,138.72,96.77,89.16,8.16,7.55,821.42,21.94,2.44,2.28,14.06,9.72,9.85,19,4.19,8.99,-9.04
2150673,85965,114157,104020,30197,1871,3448002,1667088,963803,377190,61339,219440,3.34,5.09,5.69,10.95,5.31,8.08,4,9.85,2.67,4.84,27.95,257.75,48.35,172.97,153.53,135.32,276.34,53.02,35.69,23.7,12.91,5.52,114.15,-0.55,1.42,0.63,7.66,7.75,8.23,-9.58,-8.77,1.88,-14.11
2293082,101306,272855,106413,33819,2018,4205878,2218087,1220451,377190,-299563,-303899,7.13,9.08,5.79,24.98,11.9,15.15,4.42,10.4,4.27,4.64,29.02,244.62,52.74,181.74,159.1,117.02,217.1,80.15,55.06,25.05,19.79,6.04,130.16,-0.28,1.31,0.6,7.55,6.17,10.84,6.62,17.85,21.98,26.63
2011137,271316,300172,103869,103091,3194,3118247,1308012,1374603,505026,279943,379566,10.03,12.2,17.66,23.8,14.93,18.16,13.49,21.4,4.52,5.16,44.08,126.85,41.95,95.16,85.65,135.32,191.08,41.76,28.87,55.77,23.33,18.66,361.37,16.93,1.31,0.67,7.11,15.42,8.06,29.49,114.85,8.7,19.73
2116470,218101,326641,68425,101972,3277,3003005,797218,1627851,505026,332180,405437,10.67,13.92,13.86,21.76,15.43,20.12,10.3,18.82,7.22,3.23,54.21,84.48,26.55,48.97,50.28,115.25,154.67,59.29,41.12,98.28,23.36,15.16,468.97,20.06,1.34,0.69,7.17,14.09,6.83,5.24,-19.61,-3.7,18.42
2218541,114166,204943,49106,107124,3082,3048608,704340,1755830,505026,43596,114741,6.77,9.3,7.29,12.11,9.24,12.69,5.15,13.22,6.73,2.21,57.59,73.63,23.1,40.11,37.26,105.41,143.75,80.19,56.58,105.54,14.9,10.01,452.27,12.78,1.42,0.73,7.51,14.64,7.69,4.82,-47.65,1.52,7.86
4740864,183600,55043,128098,142651,17939,3915171,1926301,865496,1225412,58422,97537,1.43,1.43,5.04,6.47,1.16,1.16,3.87,10.17,1.43,2.7,22.11,352.36,49.2,222.57,275.75,157.6,278.33,63.11,37.6,28.31,3.86,7.18,265.84,11.1,1.3,1.23,13.49,10.6,7.64,-12.14,29.61,3.74,3.5
1908684,159950,196043,21229,143639,6405,3940837,473060,2632181,56252,271131,314233,5.34,6.82,7.99,8.18,10.27,13.12,8.38,23.97,12.79,1.11,66.79,49.72,12,17.97,27.32,91.47,111.96,138.2,107.61,120.53,14.23,15.96,1434.82,23.21,0.95,0.52,3.37,8.76,14.28,2.08,8.22,15.99,21.68
227844,19930,14616,530,6025,887,136455,6650,98439,29535,14814,20700,11.42,16.26,16.25,15.85,6.41,9.13,8.75,16.35,40.26,0.23,72.14,38.62,4.87,6.76,34.36,36.23,37.78,293.48,203.89,317.51,9.36,11.47,4933.46,64.41,1.86,1.78,6.47,8.21,15.36,9.59,22.24,14.21,14.47
431539,117183,63893,12216,26703,430,685113,146775,374044,36720,119590,157829,9.24,13.7,21.86,18.44,14.81,21.95,27.15,39.56,8.75,2.83,54.6,83.16,21.42,39.24,49.49,116.85,156.2,54.49,43.48,99.05,24.78,33.34,1177.86,40.9,0.8,0.62,6.66,21.98,15.37,2.74,13.65,-1.75,17.29
297554,4164,1244,6172,21838,234,760019,191517,402161,36720,46545,51750,0.17,0.42,0.77,0.31,0.42,1.02,1.4,17.34,1.49,2.07,52.91,88.98,25.2,47.62,57.22,127.59,168.12,36.46,25.05,18.54,3.1,8.74,421.27,11.25,0.55,0.41,5.75,10.89,10.63,-9.61,-82.63,9.01,-0.78
409633,14207,9140,2771,7642,217,227790,43107,141503,19500,22616,27685,4.22,6.02,6.86,6.63,2.23,3.18,3.47,7.35,5.71,0.68,62.12,60.98,18.92,30.46,46.97,63.21,72.06,189.3,156.21,75.22,3.86,5.33,788.57,23.1,1.98,1.89,4.54,19.75,16.48,25.79,18.79,10.95,5.32
409633,14207,9140,2771,7642,217,227790,43107,141503,19500,22616,27685,4.22,6.02,6.86,6.63,2.23,3.18,3.47,7.35,5.71,0.68,62.12,60.98,18.92,30.46,46.97,63.21,72.06,189.3,156.21,75.22,3.86,5.33,788.57,23.1,1.98,1.89,4.54,19.75,16.48,25.79,18.79,10.95,5.32
409633,14207,9140,2771,7642,217,227790,43107,141503,19500,22616,27685,4.22,6.02,6.86,6.63,2.23,3.18,3.47,7.35,5.71,0.68,62.12,60.98,18.92,30.46,46.97,63.21,72.06,189.3,156.21,75.22,3.86,5.33,788.57,23.1,1.98,1.89,4.54,19.75,16.48,25.79,18.79,10.95,5.32
409633,14207,9140,2771,7642,217,227790,43107,141503,19500,22616,27685,4.22,6.02,6.86,6.63,2.23,3.18,3.47,7.35,5.71,0.68,62.12,60.98,18.92,30.46,46.97,63.21,72.06,189.3,156.21,75.22,3.86,5.33,788.57,23.1,1.98,1.89,4.54,19.75,16.48,25.79,18.79,10.95,5.32
498285,14917,9132,2705,6206,215,262538,61188,148228,19500,-11395,-5135,3.72,5.24,6.34,6.3,1.83,2.58,2.99,6.14,5.75,0.54,56.46,77.12,23.31,41.28,62.9,58.28,66.56,175.77,146.7,41.17,3.12,4.24,781.03,15.81,2.12,2.03,4.44,20.3,12.88,21.64,5,15.25,4.75
685203,26625,18631,4842,5377,289,316557,89038,164680,19500,13398,22267,6.43,8.3,9.98,11.91,2.72,3.51,3.89,6.69,5.96,0.71,52.02,92.23,28.13,54.07,79.04,67.22,76.08,146.94,122.14,39.06,4.21,4.67,660.91,18.15,2.57,2.37,5.26,23.08,16.33,37.51,78.49,20.58,11.1
2238057,70303,104095,36390,11051,924,1885739,630698,1040376,119465,1900,41592,5.84,7.78,5.41,10.68,4.65,6.2,3.14,5.37,4.81,1.63,55.17,81.26,33.45,60.62,51.77,67.5,87.41,181.27,147.35,40.76,7.83,3.64,224.01,5.67,1.72,1.26,7.38,10.64,38.45,41,233.05,12.23,14.44
192231,921,-5353,5901,12409,1072,197749,65117,88012,66400,10477,12974,-2.65,-2.65,0.48,-5.9,-2.78,-2.78,0.48,16.54,0.09,3.07,44.51,124.68,32.93,73.99,95.39,116.06,150.06,78.23,56.69,28.34,0.29,8.4,273.64,15.23,0.99,0.95,4.84,9.93,8.81,-12.27,-90.52,-4.37,-5.77
233603,9281,9417,4243,11678,1164,186820,38940,97116,66400,26380,27683,4.9,5.45,5.04,10.17,4.03,4.48,3.97,18.14,3.47,1.82,51.98,92.37,20.84,40.1,76.36,100.03,116.04,99.96,73.64,72.35,6.3,10.14,558.23,28.71,1.27,1.21,5.31,12.43,9.6,21.52,907.17,-5.53,10.34
234808,6435,3592,2839,11376,1053,186328,36328,100708,66400,19630,18306,1.93,2.25,3.6,3.63,1.53,1.78,2.74,17.15,2.48,1.21,54.05,85.02,19.5,36.07,50.87,82.74,111,145.52,108.09,113.68,2.99,7.93,655.85,28.52,1.31,1.26,5.03,12.14,8.57,0.52,-30.66,-0.26,3.7
1074177,130442,61585,36625,32115,358,1245541,589434,328476,257200,-11950,4852,1.12,1.81,3.27,3.51,1.4,2.26,3.37,11.72,2.06,2.13,32.78,205.06,13.23,40.35,171.68,133.2,177.66,74.21,58.66,71.04,4.39,7.55,353.95,9.2,0.97,0.8,3.19,10.31,9.93,0.24,-39.6,8.83,15.51
4780398,424751,247798,75371,40527,2862,5216865,983560,2068896,1696452,420582,526073,4.71,7.07,10.14,12.48,5.18,7.78,8.89,12.9,6.21,1.58,39.66,152.16,18.85,47.54,93.31,57.76,91.74,171.92,135.52,114.37,9.36,9.81,622.16,13.59,1.14,0.91,3.92,6.43,7.17,12.98,35.84,-1.59,8.75
515003,45127,31153,3789,2020,1233,406352,51542,128483,72000,17925,27265,8.38,11.57,13.99,25.96,6.05,8.35,8.76,14.55,12.35,0.74,31.62,216.27,12.68,40.12,159.46,25.09,39.34,173.67,145.17,875.75,9.09,9.16,1245.51,15.17,1.6,1.39,3.24,7.75,4.34,17.87,-1.74,20.49,15.18
230569,24368,15713,5343,1396,285,263247,69874,100738,24195,5492,10832,6.24,8.79,11.21,16.66,6.81,9.59,10.57,14.27,5.14,2.32,38.27,161.32,26.54,69.36,131.71,66.22,85.82,133.25,89.88,39.28,11.91,11.17,482.21,13.69,1.06,0.92,2.92,4.37,4.52,4.2,9.17,9.54,14.64
437891,45454,29240,4908,745,229,448854,142206,182625,32949,26584,39841,6.67,9.36,11.19,17.2,6.68,9.37,10.38,16.9,9.36,1.12,40.69,145.78,31.68,77.87,92.15,21.08,32.38,231.59,145.41,57.89,10.49,10.55,941.25,17.47,1.08,1,2.73,3.05,6.65,-5.36,17.42,5.01,15.98
437891,45454,29240,4908,745,229,448854,142206,182625,32949,26584,39841,6.67,9.36,11.19,17.2,6.68,9.37,10.38,16.9,9.36,1.12,40.69,145.78,31.68,77.87,92.15,21.08,32.38,231.59,145.41,57.89,10.49,10.55,941.25,17.47,1.08,1,2.73,3.05,6.65,-5.36,17.42,5.01,15.98
437891,45454,29240,4908,745,229,448854,142206,182625,32949,26584,39841,6.67,9.36,11.19,17.2,6.68,9.37,10.38,16.9,9.36,1.12,40.69,145.78,31.68,77.87,92.15,21.08,32.38,231.59,145.41,57.89,10.49,10.55,941.25,17.47,1.08,1,2.73,3.05,6.65,-5.36,17.42,5.01,15.98
1116231,47159,41107,48756,2823,539,1611706,643804,537791,100000,-54524,24279,2.64,3.91,3.84,8.11,3.68,5.45,4.22,9.85,2.25,4.37,33.37,199.69,39.95,119.71,130.19,55.71,94.43,157.66,68.3,26.26,9.82,4.51,103.28,-2.02,0.91,0.72,5.78,1.73,5.13,29.74,-15.92,7.62,12.89
1245976,87447,57843,45770,2639,621,1703217,570145,568945,100000,16168,82505,3.49,4.78,6.6,10.45,4.64,6.35,7.02,13.99,2.73,3.67,33.4,199.36,33.47,100.21,145.14,65.3,100.72,136.87,59.76,30.24,10.03,7.26,197.62,2.81,0.94,0.75,5,1.97,5.12,11.62,85.43,5.68,5.79
1377317,117774,67313,45229,3379,523,1849020,627097,640382,100000,76456,147267,3.79,5.58,8.42,11.13,4.89,7.19,8.55,16.33,3.19,3.28,34.63,188.74,33.92,97.93,118.36,72.14,122.9,140.1,62.85,42.13,10.48,8.82,268.67,5.14,0.98,0.78,5.06,2.25,5.74,10.54,34.68,8.56,12.56
637445,57944,36904,101,1488,653,399076,34384,223106,44655,13150,19802,9.67,14.54,20.33,17.74,5.79,8.71,9.09,12.72,551.6,0.02,55.91,78.87,8.62,15.41,50.95,51.08,65.34,222.83,158.02,7635.3,8.72,9.32,58956.42,29.77,2.24,1.67,5.88,8.38,12.66,8.12,2.3,9.51,15.7
674267,66131,49681,1580,1397,653,465773,44435,264966,44655,40736,43676,11.49,16.03,20.42,20.36,7.37,10.28,9.81,14.49,44.87,0.23,56.89,75.79,9.54,16.77,46.66,47.03,60.73,246.58,194.17,439.43,10.52,10.01,4272.76,35.22,2.08,1.56,4.48,9.74,11.24,5.78,14.13,16.71,18.76
364306,22215,16490,77,851,851,186770,16818,116907,20000,15205,18768,9.17,12.52,14.26,15.13,4.53,6.18,6.1,13.15,291.72,0.02,62.59,59.76,9,14.39,42.83,30.42,35.57,289.93,287.05,22498.88,6.2,6.33,29793.19,29.13,2.34,2.03,7.5,243.39,11.3,-14.46,-11.85,8.08,15.69
4256724,320684,342914,21351,17603,2409,3915678,368174,2278038,218500,-60603,88839,9.24,13.29,14.42,16.27,8.06,11.59,7.53,13.81,24.11,0.5,58.18,71.89,9.4,16.16,51.71,72.37,86.98,164.2,113.19,443.47,12.09,8.06,1607.61,9.51,1.91,1.15,4.97,10.59,8.01,4.51,5.08,11.57,17.64
4269282,268949,253557,23142,19344,2491,4540268,748049,2535478,218500,-51347,28452,6,9.8,10.41,10.54,5.94,9.71,6.3,13.18,15.91,0.54,55.84,79.07,16.48,29.5,55.15,73.54,91.14,159.45,104.73,82.68,10.25,6.82,1258.54,12.26,1.65,1.01,4.58,6.25,7.84,0.3,-16.13,15.95,11.3
5190980,520225,195792,183388,159435,9473,40626148,24048984,9697656,7564231,-5771869,-5447645,0.55,0.85,1.82,2.12,3.77,5.81,10.02,13.89,2.64,3.53,23.87,318.93,59.2,247.99,52.72,58.77,215.21,386.38,76.55,34.3,9.34,13.16,372.38,1.23,0.18,0.15,4.78,0.4,126.98,33.31,45.84,32.12,10.78
1910342,123650,15732,66575,11333,2423,1575085,529287,477315,458689,193337,254867,0.92,0.45,9.87,3.65,0.82,0.4,6.47,14.45,1.11,3.48,30.3,229.99,33.6,110.89,151.85,69.48,123.77,135.81,120.39,41.57,3.88,7.07,203.01,11.91,1.52,1.12,4.75,10.89,6.37,11.56,5.86,-14.46,23.87
518158,33871,17903,24290,10563,454,690006,313040,129901,54840,22117,41084,3.16,3.32,7.81,14.76,3.46,3.63,6.54,13.12,1.77,4.69,18.83,431.18,45.37,240.98,281.25,137.92,344.7,66.3,58.91,36.81,8.32,9.23,196.84,6.42,1.19,0.91,3.02,17.18,3.07,26.82,98.88,55.49,15.34
707855,99643,22080,25892,13024,465,784823,280232,144108,54840,83351,127117,2.99,4.82,19.49,16.12,3.12,5.03,14.08,20.47,2.37,3.66,18.36,444.61,35.71,194.46,357.55,165.05,308.74,65.97,53.58,34.48,8.68,16.37,447.63,12.43,1.38,0.96,3.1,15.58,3.34,36.61,194.18,13.74,10.94
